payment_id,loan_id,user_id,loan_type,amount,date
1,1,1,Personal Loan,5000.0,2026-10-06 13:28:50
payment_id,loan_id,user_id,loan_type,amount,date
2,1,1,Personal Loan,5000.0,2026-10-06 14:54:27
payment_id,loan_id,user_id,loan_type,amount,date
4,1,1,Personal Loan,5000.0,2026-10-06 14:54:54
payment_id,loan_id,user_id,loan_type,amount,date
6,1,1,Personal Loan,5000.0,2026-10-06 14:57:17
payment_id,loan_id,user_id,loan_type,amount,date
payment_id,loan_id,user_id,loan_type,amount,date
payment_id,loan_id,user_id,loan_type,amount,date
payment_id,loan_id,user_id,loan_type,amount,date
payment_id,loan_id,user_id,loan_type,amount,date
payment_id,loan_id,user_id,loan_type,loan_amount,date
13,1,1,Personal Loan,5000.0,2026-10-06 15:18:04
payment_id,loan_id,user_id,loan_type,loan_amount,date
15,2,157,Education Loan,10000.0,2026-10-06 15:20:37
7,1,1,Personal Loan,100000.0,2026-10-06 16:13:45
